{
  "has_velocity": true,
  "has_acceleration": false,
  "has_speed": true,
  "has_distance": true,
  "normalization": "zscore",
  "normalization_params": {
    "mean": [
      0.0008144729289933347,
      -0.0004273538153114387,
      0.25099358009999034,
      26.589703272362616
    ],
    "std": [
      0.2012013098582251,
      0.19915580599724714,
      0.13095064298087333,
      15.977029019468498
    ]
  },
  "feature_shape": [
    49999,
    4
  ],
  "n_features": 4
}