{
  "model_type": "simple",
  "input_dim": 4,
  "latent_dim": 2,
  "n_epochs": 50,
  "learning_rate": 0.001,
  "batch_size": 32,
  "train_losses": [
    0.5222324031308103,
    0.45110261675917035,
    0.44771137465833527,
    0.4471476987222213,
    0.4470457358105309,
    0.44696680848679116,
    0.44693424581282754,
    0.44694983599608734,
    0.4469769642547018,
    0.44697239074236295,
    0.44688369363709823,
    0.44687382415127713,
    0.44695910066366196,
    0.44687180182942526,
    0.44689732193402004,
    0.4468558089606723,
    0.44684294470921293,
    0.44687673145772333,
    0.44683710766285384,
    0.44687520196385533,
    0.44683355780852996,
    0.446798889589593,
    0.4468803813568635,
    0.4468308546234746,
    0.44680743498329273,
    0.4468738088551126,
    0.4468664571479426,
    0.4468313410088175,
    0.44693262490973396,
    0.4468710257976539,
    0.446866621115199,
    0.44677317517058723,
    0.4468027529131342,
    0.44686688441898964,
    0.44675029567706737,
    0.44680139587228435,
    0.4468647588922947,
    0.4467360030525999,
    0.4468549493788801,
    0.4468124884519542,
    0.44680269833456665,
    0.4467821930155458,
    0.4468418424046672,
    0.44673615467940647,
    0.44677602581448267,
    0.44685993204659474,
    0.4468400334663539,
    0.4467813051024782,
    0.4467875220058605,
    0.4467806449701407
  ],
  "val_losses": [
    0.8157418136901043,
    0.8758106068727818,
    0.8800334615910307,
    0.901790007505011,
    0.8922426962472023,
    0.899616146911966,
    0.8831716376416227,
    0.8874119151779946,
    0.8983951653571839,
    0.8973485263104134,
    0.8843357587114293,
    0.8818420696765819,
    0.8901131118865724,
    0.8920963916372746,
    0.8896889536938769,
    0.896370166920601,
    0.8756014749090723,
    0.8827686619251333,
    0.8849585231314314,
    0.8891645364304807,
    0.8835366974485681,
    0.8904568034283659,
    0.8967306810490628,
    0.897386619512071,
    0.8885697016056547,
    0.893890460881781,
    0.9029267538101116,
    0.8975424178103183,
    0.8866606339495233,
    0.8782675781148546,
    0.8940085619053942,
    0.8994850958915467,
    0.8800937945538378,
    0.8908451213481579,
    0.8845583029249882,
    0.8788119841129222,
    0.8850673505600463,
    0.8926226269691548,
    0.888798233676464,
    0.8838652225250894,
    0.8837389451392154,
    0.892065491955331,
    0.8874291521437625,
    0.8780129570910271,
    0.8885147648922941,
    0.8960673010095637,
    0.8859627147938343,
    0.8976965668353628,
    0.8922700194602317,
    0.8785093556059168
  ],
  "test_metrics": {
    "mse": 0.6179158687591553,
    "rmse": 0.7860762476921082,
    "mae": 0.5943799018859863
  },
  "final_train_loss": 0.4467806449701407,
  "final_val_loss": 0.8785093556059168
}