{
  "persistence": {
    "train": {
      "mse": 2.0188471465900846,
      "rmse": 1.4208614100573231,
      "mae": 1.1395859842116576
    },
    "val": {
      "mse": 1.192826808992039,
      "rmse": 1.0921661086996057,
      "mae": 0.843675936121451
    },
    "test": {
      "mse": 1.1523697299336804,
      "rmse": 1.0734848531459027,
      "mae": 0.8313699293490491
    }
  },
  "moving_average": {
    "train": {
      "mse": 0.8217670068251651,
      "rmse": 0.9065136550682318,
      "mae": 0.6319554006673046
    },
    "val": {
      "mse": 0.8397918322769257,
      "rmse": 0.9164015671510638,
      "mae": 0.6396859220016898
    },
    "test": {
      "mse": 0.8208185014618776,
      "rmse": 0.9059903429186635,
      "mae": 0.6323009514778858
    }
  },
  "linear_regression": {
    "train": {
      "mse": 0.7478845008017283,
      "rmse": 0.8648031572570305,
      "mae": 0.6012885687061944
    },
    "val": {
      "mse": 0.7632779087362696,
      "rmse": 0.8736577755255599,
      "mae": 0.606440596144174
    },
    "test": {
      "mse": 0.7438753809022034,
      "rmse": 0.8624821046851948,
      "mae": 0.5995454966618815
    }
  }
}