{
  "horizons": [
    1,
    2,
    5,
    10,
    20
  ],
  "results": {
    "horizon_1": {
      "persistence": {
        "mse": 1.1523697299336804,
        "rmse": 1.0734848531459027,
        "mae": 0.8313699293490491
      },
      "moving_average": {
        "mse": 0.8208185014618776,
        "rmse": 0.9059903429186635,
        "mae": 0.6323009514778858
      },
      "linear_regression": {
        "mse": 0.7438753809022034,
        "rmse": 0.8624821046851948,
        "mae": 0.5995454966618815
      },
      "lstm": {
        "mse": "1.4442613",
        "rmse": "1.2017742",
        "mae": "0.85497946"
      }
    },
    "horizon_2": {
      "persistence": {
        "mse": 1.1523980060821886,
        "rmse": 1.07349802332477,
        "mae": 0.831384620102997
      },
      "moving_average": {
        "mse": 0.8215780472745657,
        "rmse": 0.9064094258526694,
        "mae": 0.6331949895931719
      },
      "linear_regression": {
        "mse": 0.7438571317800905,
        "rmse": 0.8624715251995805,
        "mae": 0.6001898963533243
      },
      "lstm": {
        "mse": "1.414103",
        "rmse": "1.1891606",
        "mae": "0.8473658"
      }
    },
    "horizon_5": {
      "persistence": {
        "mse": 1.1526533067901155,
        "rmse": 1.0736169273954819,
        "mae": 0.8314821111025925
      },
      "moving_average": {
        "mse": 0.8221650492821535,
        "rmse": 0.9067331742481652,
        "mae": 0.6342897292925261
      },
      "linear_regression": {
        "mse": 0.7438855800890902,
        "rmse": 0.8624880173597139,
        "mae": 0.6015025128076986
      },
      "lstm": {
        "mse": "1.3717664",
        "rmse": "1.1712244",
        "mae": "0.83883375"
      }
    },
    "horizon_10": {
      "persistence": {
        "mse": 1.1529990357610176,
        "rmse": 1.073777926650114,
        "mae": 0.8316212507129572
      },
      "moving_average": {
        "mse": 0.8220103689335958,
        "rmse": 0.906647874829912,
        "mae": 0.6348656035449242
      },
      "linear_regression": {
        "mse": 0.7439474667458678,
        "rmse": 0.8625238934347661,
        "mae": 0.6030094786417277
      },
      "lstm": {
        "mse": "1.344631",
        "rmse": "1.1595823",
        "mae": "0.8355955"
      }
    },
    "horizon_20": {
      "persistence": {
        "mse": 1.1531573742926056,
        "rmse": 1.073851653764432,
        "mae": 0.8317033986083517
      },
      "moving_average": {
        "mse": 0.821983687569933,
        "rmse": 0.9066331604182217,
        "mae": 0.636199230958481
      },
      "linear_regression": {
        "mse": 0.7440830821768913,
        "rmse": 0.862602505315682,
        "mae": 0.6050688077027546
      },
      "lstm": {
        "mse": "1.329507",
        "rmse": "1.1530424",
        "mae": "0.83814883"
      }
    }
  },
  "difficult_horizons": {
    "persistence": {
      "baseline_rmse": 1.0734848531459027,
      "degradation": [
        [
          1,
          0.0
        ],
        [
          2,
          0.0012268621051023908
        ],
        [
          5,
          0.012303317479713131
        ],
        [
          10,
          0.027301130831272922
        ],
        [
          20,
          0.03416914709643189
        ]
      ],
      "worst_horizon": [
        20,
        0.03416914709643189
      ]
    },
    "moving_average": {
      "baseline_rmse": 0.9059903429186635,
      "degradation": [
        [
          1,
          0.0
        ],
        [
          2,
          0.04625688753543987
        ],
        [
          5,
          0.08199108691475221
        ],
        [
          10,
          0.07257603973241697
        ],
        [
          20,
          0.07095191517023709
        ]
      ],
      "worst_horizon": [
        5,
        0.08199108691475221
      ]
    },
    "linear_regression": {
      "baseline_rmse": 0.8624821046851948,
      "degradation": [
        [
          1,
          0.0
        ],
        [
          2,
          -0.0012266324781542667
        ],
        [
          5,
          0.0006855417042261028
        ],
        [
          10,
          0.004845172942635585
        ],
        [
          20,
          0.013959783030070472
        ]
      ],
      "worst_horizon": [
        20,
        0.013959783030070472
      ]
    },
    "lstm": {
      "baseline_rmse": "1.2017742",
      "degradation": [
        [
          1,
          "0.0"
        ],
        [
          2,
          "-1.049586"
        ],
        [
          5,
          "-2.5420651"
        ],
        [
          10,
          "-3.5108078"
        ],
        [
          20,
          "-4.0549884"
        ]
      ],
      "worst_horizon": [
        1,
        "0.0"
      ]
    }
  },
  "limitations": {
    "summary": "Analysis of model failures and limitations",
    "difficult_horizons": {
      "persistence": {
        "baseline_rmse": 1.0734848531459027,
        "degradation": [
          [
            1,
            0.0
          ],
          [
            2,
            0.0012268621051023908
          ],
          [
            5,
            0.012303317479713131
          ],
          [
            10,
            0.027301130831272922
          ],
          [
            20,
            0.03416914709643189
          ]
        ],
        "worst_horizon": [
          20,
          0.03416914709643189
        ]
      },
      "moving_average": {
        "baseline_rmse": 0.9059903429186635,
        "degradation": [
          [
            1,
            0.0
          ],
          [
            2,
            0.04625688753543987
          ],
          [
            5,
            0.08199108691475221
          ],
          [
            10,
            0.07257603973241697
          ],
          [
            20,
            0.07095191517023709
          ]
        ],
        "worst_horizon": [
          5,
          0.08199108691475221
        ]
      },
      "linear_regression": {
        "baseline_rmse": 0.8624821046851948,
        "degradation": [
          [
            1,
            0.0
          ],
          [
            2,
            -0.0012266324781542667
          ],
          [
            5,
            0.0006855417042261028
          ],
          [
            10,
            0.004845172942635585
          ],
          [
            20,
            0.013959783030070472
          ]
        ],
        "worst_horizon": [
          20,
          0.013959783030070472
        ]
      },
      "lstm": {
        "baseline_rmse": "1.2017742",
        "degradation": [
          [
            1,
            "0.0"
          ],
          [
            2,
            "-1.049586"
          ],
          [
            5,
            "-2.5420651"
          ],
          [
            10,
            "-3.5108078"
          ],
          [
            20,
            "-4.0549884"
          ]
        ],
        "worst_horizon": [
          1,
          "0.0"
        ]
      }
    },
    "observations": [
      "All models show increasing error with longer forecast horizons",
      "Persistence model has highest variance across horizons",
      "LSTM and Linear Regression show most stable performance"
    ]
  }
}