{
  "model_type": "lstm",
  "input_dim": 4,
  "hidden_dim": 128,
  "num_layers": 2,
  "seq_len": 20,
  "horizon": 1,
  "n_epochs": 100,
  "learning_rate": 0.0005,
  "batch_size": 64,
  "train_losses": [
    0.7583939913639857,
    0.7497088385020575,
    0.7495283106345363,
    0.749213849713641,
    0.7491574651362474,
    0.7492290847480189,
    0.7489894556606927,
    0.7490888598087283,
    0.7489457899735222,
    0.7487877073410006,
    0.7488004505307408,
    0.7487925878390533,
    0.7489104238245126,
    0.7485680221094728,
    0.7484740649760314,
    0.7485969029571282,
    0.74836657241232,
    0.7483391106346625,
    0.74804613010539,
    0.7477169641628998,
    0.7473119109378654,
    0.7472738639964046,
    0.7465866749639702,
    0.7458508554062852,
    0.7456668066150309,
    0.7443863764759392,
    0.7432005519295959,
    0.7420327189962432,
    0.7402518304436037,
    0.7371849672667941,
    0.7344109994619812,
    0.7305740124019888,
    0.7257270125954853,
    0.7203877450016343,
    0.712737527909183,
    0.7047921765112136,
    0.6947075535544965,
    0.6837601748855284,
    0.6714067790364434,
    0.6581340896908936,
    0.6431039583748394,
    0.6277877442688568,
    0.6105814467727375,
    0.5936802293853306,
    0.5752526554917504,
    0.5575682935483712,
    0.5390591872021746,
    0.520979657088163,
    0.5029227320084406,
    0.4861181053099728,
    0.46881279638088164,
    0.45249193002362575,
    0.4357974550514814,
    0.42018641991850664,
    0.4047948360116216,
    0.38981548270425154,
    0.37532631606135985,
    0.36114807405136184,
    0.34816714298572576,
    0.3349501079789463,
    0.32168400976840933,
    0.3097130562258813,
    0.2974297627670455,
    0.2871898587050778,
    0.2755106706342488,
    0.26539568543107245,
    0.25619118869086727,
    0.24598592010342007,
    0.23602288419302464,
    0.22805286216561493,
    0.21881364517499585,
    0.2111615456599858,
    0.2030622297710649,
    0.19530572390806958,
    0.18807248072443322,
    0.18208116072296443,
    0.1754189292598904,
    0.17036554777153667,
    0.16446348151679013,
    0.15858196155244733,
    0.1530622573232302,
    0.14857083292068468,
    0.14375844415297673,
    0.13875303000647582,
    0.13556811052767842,
    0.13028457687258502,
    0.12669103050526143,
    0.1235062451777772,
    0.11934173671048563,
    0.11630751093137853,
    0.11382617290647636,
    0.11084714219982053,
    0.10781186663799355,
    0.1052809563044874,
    0.10225924304677973,
    0.10024461897951593,
    0.09748870346838204,
    0.09578611753485974,
    0.0941138081524991,
    0.09161339908620339
  ],
  "val_losses": [
    0.7643533466208694,
    0.7641591811791445,
    0.7638116876284281,
    0.7638570600085788,
    0.7642359035646814,
    0.7635151219164205,
    0.7630157608252305,
    0.763733059932024,
    0.7628227981746706,
    0.7633085520858438,
    0.7629587645204658,
    0.7637946223601316,
    0.7629806740671141,
    0.7641653596845448,
    0.7636187417894347,
    0.7638926470381582,
    0.763606563083127,
    0.7645053685220897,
    0.7646949525572296,
    0.7648844494778886,
    0.7655832767486572,
    0.7664556482918242,
    0.7651954593821468,
    0.7680568501480625,
    0.7687457224242707,
    0.7712443873413608,
    0.7730794273889982,
    0.7737318532079713,
    0.7785663273599412,
    0.7836041649182638,
    0.7828104730345246,
    0.7900228683765118,
    0.7970296730343093,
    0.8087668189635644,
    0.812955060066321,
    0.8320022480100648,
    0.8327975003128378,
    0.8538815781601474,
    0.8729296326637268,
    0.8822377405614934,
    0.9065972627737583,
    0.925774494297484,
    0.9491584316278115,
    0.9744211104181077,
    1.0075146667977684,
    1.0281455847952101,
    1.0398750284798124,
    1.074088159789387,
    1.0997664322201004,
    1.1036426567623758,
    1.1261302813505516,
    1.1556791642792204,
    1.1632438994880416,
    1.1948295057329357,
    1.2111732063130436,
    1.22869099663873,
    1.2449231590980139,
    1.2426206994260478,
    1.2839827929806507,
    1.2804541521602206,
    1.3077899370438013,
    1.3146655992564993,
    1.3249078459209866,
    1.3245251565916925,
    1.3500434119477231,
    1.3380514785774753,
    1.3480046335448566,
    1.3815426744966426,
    1.393790816139971,
    1.394564976549556,
    1.3965635151944609,
    1.40347266350037,
    1.4198901495362959,
    1.428646485010783,
    1.4349920107768133,
    1.4500438978529384,
    1.4505763140499082,
    1.4703515253515325,
    1.4490207316529038,
    1.4567858357714791,
    1.4758700957665076,
    1.472008241038037,
    1.4783687107583396,
    1.4807445289742234,
    1.4628676114938197,
    1.4883252784737155,
    1.4883140824798844,
    1.490991679012266,
    1.4865382257689777,
    1.4989778307768016,
    1.4789340547007372,
    1.4981208932705414,
    1.5014442648643103,
    1.500413057131645,
    1.500451218878102,
    1.4952855028657832,
    1.5117167010266557,
    1.5023615614980714,
    1.4976732965208526,
    1.49676175810333
  ],
  "test_metrics": {
    "mse": 1.4026249647140503,
    "rmse": 1.1843247413635254,
    "mae": 0.8425086736679077
  },
  "final_train_loss": 0.09161339908620339,
  "final_val_loss": 1.49676175810333
}