{
  "model_type": "lstm",
  "input_dim": 4,
  "hidden_dim": 64,
  "num_layers": 1,
  "seq_len": 10,
  "horizon": 1,
  "n_epochs": 30,
  "learning_rate": 0.0005,
  "batch_size": 32,
  "train_losses": [
    0.7587703874494738,
    0.749479138110194,
    0.7495140650971934,
    0.7491584931256784,
    0.7490130728297957,
    0.7489376295310269,
    0.7488313983083861,
    0.7487392231576839,
    0.748873988496756,
    0.7485940535663469,
    0.7486454566337944,
    0.7486816227871932,
    0.7485745667430557,
    0.7483541875042471,
    0.7485284758714696,
    0.7484428268028134,
    0.7485763591593319,
    0.7480894450295777,
    0.7480738730981973,
    0.7478290130494936,
    0.7476650554639112,
    0.7474364787612581,
    0.7470724703624871,
    0.747041826546737,
    0.7470518038412335,
    0.7466615545248418,
    0.7465119642193618,
    0.7459905168528531,
    0.7458613763071283,
    0.7452386941563277
  ],
  "val_losses": [
    0.7641892449652895,
    0.761955784229522,
    0.7620337383544191,
    0.7614267866662208,
    0.761502240820134,
    0.7617804670587499,
    0.7614641012029445,
    0.7620773825239628,
    0.7615081572786291,
    0.7620489058342386,
    0.762126582353673,
    0.762750074457615,
    0.7619651949152033,
    0.7621034152964328,
    0.7631800848118803,
    0.7621768546865342,
    0.7623568991397289,
    0.762620629021462,
    0.7628522132305389,
    0.7627473375898727,
    0.7638148401645903,
    0.7635037956085611,
    0.7639278895043312,
    0.764298688731295,
    0.7648213106266996,
    0.7654223967105784,
    0.764543005507043,
    0.7662174611649615,
    0.7667881530650118,
    0.7667482223916561
  ],
  "test_metrics": {
    "mse": 0.7483283877372742,
    "rmse": 0.8650597333908081,
    "mae": 0.6056554317474365
  },
  "final_train_loss": 0.7452386941563277,
  "final_val_loss": 0.7667482223916561
}