{
  "noise_levels": [
    0.05,
    0.1,
    0.15,
    0.2
  ],
  "seeds": [
    42,
    123,
    456
  ],
  "horizon": 1,
  "results": {
    "noise_0.05": {
      "seed_42": {
        "persistence": {
          "mse": 1.2096843894437823,
          "rmse": 1.099856531300234,
          "mae": 0.8900918597810137
        },
        "moving_average": {
          "mse": 0.8601945610710134,
          "rmse": 0.927466743916467,
          "mae": 0.6428659557910649
        },
        "linear_regression": {
          "mse": 0.7790741922879468,
          "rmse": 0.8826517956068218,
          "mae": 0.6090968285483096
        },
        "lstm": {
          "mse": 0.7813641428947449,
          "rmse": 0.883948028087616,
          "mae": 0.625076413154602
        }
      },
      "seed_123": {
        "persistence": {
          "mse": 3.0482704251537047,
          "rmse": 1.7459296735990555,
          "mae": 1.5513642521280993
        },
        "moving_average": {
          "mse": 0.8586579492240541,
          "rmse": 0.9266379817512631,
          "mae": 0.6512852790724124
        },
        "linear_regression": {
          "mse": 0.7747814034350202,
          "rmse": 0.880216679820952,
          "mae": 0.6104982643017138
        },
        "lstm": {
          "mse": 0.7775992155075073,
          "rmse": 0.8818158507347107,
          "mae": 0.6148819327354431
        }
      },
      "seed_456": {
        "persistence": {
          "mse": 2.4026862152336164,
          "rmse": 1.5500600682662644,
          "mae": 1.186227997833737
        },
        "moving_average": {
          "mse": 0.8462664433782049,
          "rmse": 0.9199274120158638,
          "mae": 0.6419575400987106
        },
        "linear_regression": {
          "mse": 0.7667583789492375,
          "rmse": 0.8756474056086945,
          "mae": 0.6049821736348411
        },
        "lstm": {
          "mse": 0.7670743465423584,
          "rmse": 0.8758277893066406,
          "mae": 0.6135197281837463
        }
      }
    },
    "noise_0.1": {
      "seed_42": {
        "persistence": {
          "mse": 2.7819307606200123,
          "rmse": 1.667912096190927,
          "mae": 1.3663779417251674
        },
        "moving_average": {
          "mse": 0.8183850161338853,
          "rmse": 0.9046463486544812,
          "mae": 0.6374569378159092
        },
        "linear_regression": {
          "mse": 0.7460294336641221,
          "rmse": 0.8637299541315689,
          "mae": 0.6005683113921317
        },
        "lstm": {
          "mse": 0.7447224259376526,
          "rmse": 0.8629730343818665,
          "mae": 0.6023699641227722
        }
      },
      "seed_123": {
        "persistence": {
          "mse": 1.3392324750185323,
          "rmse": 1.157252122494719,
          "mae": 0.9426411116560797
        },
        "moving_average": {
          "mse": 0.8228118111307311,
          "rmse": 0.9070897481124628,
          "mae": 0.6404517850512984
        },
        "linear_regression": {
          "mse": 0.7572757346740744,
          "rmse": 0.8702159126757418,
          "mae": 0.611775821976157
        },
        "lstm": {
          "mse": 0.7529396414756775,
          "rmse": 0.8677209615707397,
          "mae": 0.6112802624702454
        }
      },
      "seed_456": {
        "persistence": {
          "mse": 1.3766540887253371,
          "rmse": 1.1733090337695935,
          "mae": 0.9699913628649608
        },
        "moving_average": {
          "mse": 0.8403900569758456,
          "rmse": 0.916727907819897,
          "mae": 0.6420287523926328
        },
        "linear_regression": {
          "mse": 0.7622665381322947,
          "rmse": 0.873078769717999,
          "mae": 0.6086729448653333
        },
        "lstm": {
          "mse": 0.7606959939002991,
          "rmse": 0.872178852558136,
          "mae": 0.6093671321868896
        }
      }
    },
    "noise_0.15": {
      "seed_42": {
        "persistence": {
          "mse": 1.7812386588343394,
          "rmse": 1.334630532707213,
          "mae": 1.1183280906574988
        },
        "moving_average": {
          "mse": 0.8233611522149649,
          "rmse": 0.907392501740545,
          "mae": 0.638030399515891
        },
        "linear_regression": {
          "mse": 0.752419326789857,
          "rmse": 0.8674210781332542,
          "mae": 0.6046862004503161
        },
        "lstm": {
          "mse": 0.7507742047309875,
          "rmse": 0.8664723038673401,
          "mae": 0.6062118411064148
        }
      },
      "seed_123": {
        "persistence": {
          "mse": 2.1780564978144548,
          "rmse": 1.4758240063823513,
          "mae": 1.2697848183627558
        },
        "moving_average": {
          "mse": 0.8298403753103332,
          "rmse": 0.910955748272293,
          "mae": 0.6365403424979239
        },
        "linear_regression": {
          "mse": 0.7602989826267486,
          "rmse": 0.8719512501434633,
          "mae": 0.6059115858857808
        },
        "lstm": {
          "mse": 0.8771467804908752,
          "rmse": 0.9365611672401428,
          "mae": 0.7536976337432861
        }
      },
      "seed_456": {
        "persistence": {
          "mse": 2.3096468218604636,
          "rmse": 1.5197522238379728,
          "mae": 1.2156169754778714
        },
        "moving_average": {
          "mse": 0.8353427728813066,
          "rmse": 0.9139708818563678,
          "mae": 0.6325517718879802
        },
        "linear_regression": {
          "mse": 0.7619240599616303,
          "rmse": 0.872882615224768,
          "mae": 0.6029294714555508
        },
        "lstm": {
          "mse": 0.7598350048065186,
          "rmse": 0.8716851472854614,
          "mae": 0.6087478399276733
        }
      }
    },
    "noise_0.2": {
      "seed_42": {
        "persistence": {
          "mse": 1.1165187310133575,
          "rmse": 1.0566544993579299,
          "mae": 0.8410715289330979
        },
        "moving_average": {
          "mse": 0.8095065999812795,
          "rmse": 0.8997258471230442,
          "mae": 0.6261039486918397
        },
        "linear_regression": {
          "mse": 0.7359465629131604,
          "rmse": 0.8578732790530081,
          "mae": 0.5966265111099346
        },
        "lstm": {
          "mse": 0.7436607480049133,
          "rmse": 0.8623576760292053,
          "mae": 0.6102358102798462
        }
      },
      "seed_123": {
        "persistence": {
          "mse": 1.9175344347206458,
          "rmse": 1.384750676013789,
          "mae": 1.1920780670371742
        },
        "moving_average": {
          "mse": 0.8244492385204187,
          "rmse": 0.9079918713955641,
          "mae": 0.6353236469403115
        },
        "linear_regression": {
          "mse": 0.7492485182259424,
          "rmse": 0.8655914268440639,
          "mae": 0.6012223624754336
        },
        "lstm": {
          "mse": 0.7707065343856812,
          "rmse": 0.8778989315032959,
          "mae": 0.6445144414901733
        }
      },
      "seed_456": {
        "persistence": {
          "mse": 1.303782710104714,
          "rmse": 1.141833048262623,
          "mae": 0.8860771917601212
        },
        "moving_average": {
          "mse": 0.7912007709477855,
          "rmse": 0.8894946716803792,
          "mae": 0.6296869282691391
        },
        "linear_regression": {
          "mse": 0.722587405043341,
          "rmse": 0.850051413176486,
          "mae": 0.5971394267968101
        },
        "lstm": {
          "mse": 0.7228721380233765,
          "rmse": 0.8502188920974731,
          "mae": 0.5996183753013611
        }
      }
    }
  },
  "stability_summary": {
    "0.05_persistence": {
      "mean": 1.4652820910551847,
      "std": 0.270484879879289,
      "cv_percent": 18.459577273923163,
      "values": [
        1.099856531300234,
        1.7459296735990555,
        1.5500600682662644
      ]
    },
    "0.05_moving_average": {
      "mean": 0.9246773792278646,