{
  "horizons": [
    1,
    5,
    10,
    20,
    50
  ],
  "results": {
    "horizon_1": {
      "persistence": {
        "mse": 1.1523697299336804,
        "rmse": 1.0734848531459027,
        "mae": 0.8313699293490491
      },
      "moving_average": {
        "mse": 0.8208185014618776,
        "rmse": 0.9059903429186635,
        "mae": 0.6323009514778858
      },
      "linear_regression": {
        "mse": 0.7438753809022034,
        "rmse": 0.8624821046851948,
        "mae": 0.5995454966618815
      },
      "lstm": {
        "mse": 0.7483283413798163,
        "rmse": 0.8650597328391932,
        "mae": 0.6056554640847251
      }
    },
    "horizon_5": {
      "persistence": {
        "mse": 1.1526533067901155,
        "rmse": 1.0736169273954819,
        "mae": 0.8314821111025925
      },
      "moving_average": {
        "mse": 0.8221650492821535,
        "rmse": 0.9067331742481652,
        "mae": 0.6342897292925261
      },
      "linear_regression": {
        "mse": 0.7438855800890902,
        "rmse": 0.8624880173597139,
        "mae": 0.6015025128076986
      },
      "lstm": {
        "mse": 0.7472132873836161,
        "rmse": 0.8644149971996183,
        "mae": 0.6086346255145849
      }
    },
    "horizon_10": {
      "persistence": {
        "mse": 1.1529990357610176,
        "rmse": 1.073777926650114,
        "mae": 0.8316212507129572
      },
      "moving_average": {
        "mse": 0.8220103689335958,
        "rmse": 0.906647874829912,
        "mae": 0.6348656035449242
      },
      "linear_regression": {
        "mse": 0.7439474667458678,
        "rmse": 0.8625238934347661,
        "mae": 0.6030094786417277
      },
      "lstm": {
        "mse": 0.7469287626472788,
        "rmse": 0.8642504050605234,
        "mae": 0.6120530411242244
      }
    },
    "horizon_20": {
      "persistence": {
        "mse": 1.1531573742926056,
        "rmse": 1.073851653764432,
        "mae": 0.8317033986083517
      },
      "moving_average": {
        "mse": 0.821983687569933,
        "rmse": 0.9066331604182217,
        "mae": 0.636199230958481
      },
      "linear_regression": {
        "mse": 0.7440830821768913,
        "rmse": 0.862602505315682,
        "mae": 0.6050688077027546
      },
      "lstm": {
        "mse": 0.7476700554028762,
        "rmse": 0.8646791632755332,
        "mae": 0.6171617327958845
      }
    },
    "horizon_50": {
      "persistence": {
        "mse": 1.1537160196618128,
        "rmse": 1.0741117351848517,
        "mae": 0.8320122395886741
      },
      "moving_average": {
        "mse": 0.8205166277107836,
        "rmse": 0.9058237288296126,
        "mae": 0.6387349267400944
      },
      "linear_regression": {
        "mse": 0.7446657601060394,
        "rmse": 0.8629401833881879,
        "mae": 0.6090004239257909
      },
      "lstm": {
        "mse": 0.7512050255173313,
        "rmse": 0.8667208463613479,
        "mae": 0.628801237899844
      }
    }
  },
  "baseline_rmse_horizon_1": {
    "persistence": 1.0734848531459027,
    "moving_average": 0.9059903429186635,
    "linear_regression": 0.8624821046851948
  },
  "improvement_vs_best_baseline_percent": -0.2988616389831364
}